index,twitter_total,none_correlation,entity_correlation,verb_correlation,context_correlation,Noun,Name,Word,Verb,Scene
1,You should go HIV/AIDS testing!!,,,,,1,0,0,0,1
2,Ow!!!emmm!!!geee!! #weakness #DecemberWish,,,,,1,0,0,0,0
3,My #DecemberWish-es.. Alam nyo na ah? Hahaha,,,,,0,0,0,0,0
4,Just stuck my finger with my machine's needle. Band-aids are all the way upstairs so I improvised. #dedication,,,,,1,0,0,1,0
5,Seriously? They would make this at the coffee shop right by the police station #baconlattes #policedrink #smartbusiness,,,,,0,0,0,0,0
6,"like if you are against abortion. RIP all babies who were killed because we have the ""right to chose"" #sowrong #sosad #ripbabies #prolife #aniabortion #stopthis",,,,,1,0,0,0,0
7,Do we really need AKB48 on a poster for the Tokyo gubernatorial election?,,,,,1,1,1,0,1
8,#Cancer - what you'll wear to Gemmas birthday.,,,,,0,0,0,1,0
9,Runner up for NFL Fan Jersey Of The Day from the Chiefs game (via @MrAaronMiller3),,,,,1,0,0,0,0
10,Cute daddy daughter  #president #obama,,,,,0,1,0,0,0
11,It's going down 2nite !!!! My bday celebration continues...... #Part1 was LURE... #Part2 was Roxbury now for #Part3 2nite @ club Premiere 1710 Las Palmas off Hollywood & Las Palmas wit the #SupremeTeam @GREENLIGHTENTLA @JMAGGETTE @ADIB110 @GARYBLACKOUT @THESUPREMETEAM1 #turnupneverturndown #BentleyBoyz #RollieBoyz #jesuspiece #BirthdaySwag,,,,,1,0,0,0,0
12,My handsome nephew Cairo!! #cairo,,,,,1,0,0,0,0
13,@nymediacares #hurricanesandy #reliefeffort #statenisland  #volunteer,,,,,1,0,0,0,0
14,Last nights amazing benefit for the #StatenIsland victims of #hurricanesandy thank you to everyone who came out and donated and to @miamoretti and @djskribble for major sets. We raised almost $50k for the Bini fund! #thankyou #helpsi #yachtparty #westvillage #nyc #givingback #dance #appreciate,,,,,1,0,1,0,0
15,I'm falling In love with u <3 | Created with the Free @Versagram App!  #vbf1 #blackfriday #shopping #leftovers #text #versagram #versalove‰ª´,,,,,0,0,0,0,0
16,Taping Shaniqua's  windows for #hurricanesandy #embarrassyourbestfriendday nicole ardelean :),,,,,1,0,0,0,0
17,Loved this dress by Zimmerman from last night!,,,,,1,0,0,0,0
18,Jenna Susson Abortion Doctor _ÙÕä,,,,,0,1,0,0,1
19,This all washed up in the backyard #hurricanesandy,,,,,1,0,0,0,1
20,I bought a lot on #BlackFriday but this is definitely high on my list of #WINNING!!,,,,,0,1,0,1,0
21,#DecemberWish,,,,,0,0,0,0,0
22,Ouch mr police man,,,,,1,1,0,1,0
23,Diet police are on annual leave,,,,,1,0,0,0,0
24,Ahhh Manny is in my religion book! ‰__ #lovehim,,,,,0,1,0,0,0
25,"You're a whole different person when you're afraid.Gig tonight. Tokyo Shock. Lets go dark. #dj #aids #dmv",,,,,0,1,0,0,
26,My #DecemberWish _ÙÕ__ÙÕÏ‰ù_,,,,,0,0,0,0,1
27,Before #HurricaneSandy #oceangate,,,,,1,0,0,0,0
28,Twins at work! _ÙÕ_ @faithpierce #rva #loft #anntaylorloft #blackfriday #leopard,,,,,1,0,0,0,0
29,Religion is Like a Penis & God is the Asshole of the Universe. Happy Int'l Blasphemy Day!,,,,,0,0,1,0,0
30,Beautiful Windy Warm December 2nd. #globalwarming :),,,,,1,0,0,0,0
31,Barack Obama told me to show yall this.. ,,,,,0,0,0,1,0
32,#decemberwish lots of love with @bernadetteputri _Ù÷÷,,,,,0,0,0,0,1
33,The Police man who captured my heart ;)) #instalove,,,,,1,0,0,0,0
34,Mad as hell because I just left religion class & my teacher Sister Barbara does NOT know how to fucking act #smdsaviour,,,,,0,1,0,0,0
35,Colts cheerleaders shave heads for coach Pagano. #chuckstrong #BUFvsIND,,,,,0,1,0,0,0
36,Panama ;) #globalwarming,,,,,1,0,0,0,0
37,Did you see me on @todayshow ?! ;) #globalwarming,,,,,0,0,0,0,1
39,Beautiful daylight moon at sunset over #newyork this evening. #sunset #moon #newyork,,,,,1,0,0,0,0
40,GIF: Sprinklers went off on the field in Miami today. This is during an NFL game.,,,,,0,1,0,0,0
41,,,,,,0,0,0,0,0
42,,,,,,0,0,0,0,0
43,Le commissariat de police de Flic en Flac: un dÌ©cor d'opÌ©rette! #Mauritius,,,,,1,0,0,0,0
44,Daqui a pouco tem #NFL com #Giants vs #Packers na #espn... Go go New York Giants... #GoGiants #nygiants #newyorkgiants #football #usa #newyork #packersvsgiants #gogiantsgo #tonight #greenbaypackers #pack #sundaynightfootball #letsgo #touchdown,,,,,0,1,0,0,0
45,#temple #singapore #honeymoon #religion #architecture #building,,,,,1,0,0,0,0
46,Doakan kami ya Santa Bunda Allah. #virginMary #religion #cave #pray #trip #yogyakarta,,,,,1,0,0,0,0
47,Egypte :Photo symbole des affrontements au Caire entre manifestants et forces de l'ordre via @KetyDC ,,,,,0,0,0,0,0
48,I luv my fans @todayshow #globalwarming,,,,,0,1,0,0,0
49,#religion #god #train #children #faith #flowers #art #drawing  brucemcc.tumblr .com,,,,,0,0,0,0,1
50,What's a tour of L.A. without a police raid ...,,,,,1,0,0,0,0
51,This election has got me feelin crazy!,,,,,1,0,0,0,0
52,Fabulous Fall moon over #newyork this afternoon. #Fall #moon,,,,,0,1,0,0,0
53,"Went to see my friend's JRock show iluminate,you could see them in AGT",,,,,0,0,1,0,1
54,At the pyramids,,,,,1,0,0,0,0
56,Yep more orange at Zimmerman Westfield CBD,,,,,1,0,0,0,0
57,Our first sushi - cairo e joe alejandro,,,,,1,0,0,0,0
58,,,,,,0,0,0,0,0
59,Indo pra portugal!#championsleague,,,,,1,0,1,0,0
60,Sending my cash to Africa before Obama start raising taxes on the rich biiiiitch!!!!,,,,,1,0,0,1,0
61,Spongebob sandy,,,,,0,0,1,0,0
62,Love my new #iPad wallpaper | #skype #instagram #linkedin #championsleague #foursquare #facebook #twitter #chrome #ligtv #imdb #TED #unitednations #UN,,,,,1,0,0,0,0
65,Had to wait a million years to get into HermÌ¬s _Ù÷Å #protest #peta #nofur #blackfriday #southcoastplaza #hermÌ¬s #iphone #iphone4s,,,,,0,0,0,0,1
66,,,,,,0,0,0,0,0
67,#NW #KaleidoscopeOnIce Love this! Kurt Browning is showing out! Love the cause too....Support for cancer patients and funding cancer research.,,,,,1,0,0,0,0
68,Mucha fuerza para hoy @javigarcia_6 !  Go @mcfcofficial  #manchestercity  #championsleague  #javigarcia  #14,,,,,1,0,0,0,0
69,#anti #abortion #babies,,,,,0,1,0,0,0
70,Giants Game! #newyork #giants #gmen #nfl #football #sports #tailgating #beer,,,,,0,1,0,0,0
71,My Plate In Clay Class! #MarriageEquality #gaymarriage #lesbians #gays,,,,,1,0,0,0,0
72,Such a good day. I can't wait to go back. #hurricanesandy #breezypoint #queens,,,,,0,0,1,0,0
73,Iron bowl weekend turnt TF up #Designer that's swag_Ù÷_ #True to my religion ‰ª_,,,,,1,0,0,0,0
74,#matthias #church #Budapest #buda #pest #hungary #europe #magyar #architecture #religion #matyas #templom,,,,,0,0,0,0,1
76,ASI se ven los partidos del Madrid! @mercideherrera #wine #realmadrid #halamadrid #championsleague,,,,,1,0,0,0,0
77,"I think pigs should join th Police, they can run fast, have a nasty nip and when they get old,  taste nice in a sandwich!",,,,,1,1,0,0,0
78,#MemoriesIWontForget the first time i heard this...,,,,,1,0,0,0,0
80,"""I, Ross."" ""I, Ross."" ""Take thee Emily."" ""Take thee Rachel."" #MemoriesIWontForget #Friends ",,,,,0,1,0,0,0
81,,,,,,0,0,0,0,0
82,"Black Friday ""shopping"" can wear you out... #daviecakes #blackfriday #passedout @helloitsjared",,,,,1,0,0,0,0
83,Vamos! #championsleague #realmadrid #ajax,,,,,0,0,0,0,1
86,"Fuck you sandy, #17joan still stands",,,,,0,0,0,0,0
88,signed a petition against abortion,,,,,1,0,0,0,0
90,Ugg boots .. true religion pants .. Hollister sweater .. Levi Jean jacket ..,,,,,1,0,0,0,0
91," ‰÷_ ‰ª´ ‰ª» [‰ªÇ] #DecemberWish Musik ‰ª» [‰ªÇ], Cinta‰ª´ dan Hidup ‰÷_",,,,,0,0,0,0,0
92,#police #cars #instagood #usa #kuwait #ksa #egypt #gcc #art #oman #me #beach #golf #qatar #bahrain #¯_ôã¯¬¯_¯±ô_ô  #uk,,,,,0,1,0,0,0
93,i looked at this picture and contracted aids in the process,,,,,1,0,0,1,0
94,,,,,,0,0,0,0,0
95,,,,,,0,0,0,0,0
96,Œüâ_¥á_Åü__¥ç´¬‹âè‹Å_‹ÛâèÀÔ_äÛ‹Å_‹Åã‹Å_‹âÒ‹Å¬‹Å»‹âÒ‹ÅÊ‹Å»‹Ûâ,,,,,0,0,0,0,0
98,,,,,,0,0,0,0,0
99,Show exhibition to Election Miss Mons and Mister hainaut,,,,,0,1,0,0,0
100,My baby ...,,,,,1,0,0,0,0
101,#Decemberwish Be happy.,,,,,1,0,0,0,0
104,Photo documentary on Hurricane Sandy is up. www.emileerosephotography.com/blog #dsny #hurricanesandy,,,,,0,0,0,0,1
105,"Pray for my friend Jocelyn Arias, who has cancer. She's 5 years old ‰ù__Ùªè_ÙÕ_",,,,,1,1,0,1,0
106,#picstitch lets go #gmen we got this tonight..packers going down! Giants fans stand up!! #newyork #giants #football #nfl #gmen #bigblue #allday #wegotthis #ig,,,,,1,0,1,0,0
108,Election day!,,,,,0,0,1,0,1
109,This was ridiculous #blackfriday #line #shopping,,,,,1,0,0,0,0
111,6.8.2 Records Inc. on #Facebook @682_Records_Inc on #Twitter.,,,,,1,0,1,0,0
112,#MemoriesIWontForget,,,,,0,0,0,0,0
117,The first kiss. #MemoriesIWontForget #Friends ,,,,,1,0,0,1,1
118,Good afternoon _Ù÷Å feeling to good; True religion kind of day _ÙÔÎ,,,,,1,0,0,0,0
119,"Mommy gave me my pretty face, daddy gave me my political claws. #obama #limbaugh #foxNews #lem8392",,,,,1,0,0,0,0
120,#december#decemberwish #goals#Christmas_ÙÕÑ _Ù_ã_Ù_É_ÙÕù_ÙÕù_Ù_ä_Ù_Å_Ù___Ù_ö_Ù_à_ÙÓ¨,,,,,0,0,0,0,0
121,Some ˆü_ˆü£ˆü£ˆüã.. Some ˆü_ˆü£ˆü¡ˆü÷ˆü_ˆüª.. #panorama #election #studentcouncil,,,,,0,0,0,0,0
123,Looks like @FlipBoard cornered the market on post-Thanksgiving election ads.,,,,,0,1,1,0,0
126,"#championsleague :Fans of galatasaraysk, don‰Ûªt miss the chance to vote for Burak Y€±lmaz and get him in the http://t.co/KiV0B55y",,,,,1,1,0,0,0
127,This shit only happens on a #blackfriday,,,,,0,0,0,0,0
128,#picstitch I swear this nigga me nd pop bumped into at the 7/11 look nd sound jus like Barack Obama! On everything I'm not playin,,,,,1,0,0,0,0
129,#wiggin out _Ù÷Ï_Ù÷Ï,,,,,0,0,0,0,0
130,Obama said ,,,,,1,1,1,0,0
132,"Protesters run from riot police during clashes at Tahrir square in Cairo November 23, 2012 #Egypt",,,,,0,0,0,0,1
133,Eu #Android #Me #Androidify,,,,,1,0,1,0,0
134,#MetLife #Stadium #NewYork #Giants #NYG #GB #GBvsNYG,,,,,0,0,0,0,0
135,"""Smiles are like band-aids. They cover up the pain, but it still hurts.""",,,,,1,0,0,0,0
136,121126 beautiful Sung Jae at 2012 AIDS Campaign Concert cr: _mayboy,,,,,0,1,0,0,1
139,NJ please cross post! #founddog #hurricanesandy #nj #camden,,,,,1,0,0,0,0
141,#AFetusIsAHuman #antiabortion #allWomen #Abolionist #abortion #AbolishHumanAbortion #babies #ChildrenAreABlessing #EndAbortion #Fetus #Love #Miracles #ProLife #StopAbortion #SpeakLife #SaveOurBabies #NationalRightToLife #40dÌ_asporlavida #latinobaby #latinababy #40daysforlifeLR #40daysforlife #Prayer #BlackGenocide #blackbaby #whitebabies #BlackWomen #whiteWomen #LatinaWomen #ArkansasRightToLife,,,,,0,0,1,0,0
142,#LamarOdom #NewYork #LAClippers #thursdaynovember222012 #game,,,,,1,0,0,0,0
143,ôàô ¯_ ô_¯«¯»¯±ô_ ¯_ôã¯¬¯_¯á¯_¯Á ôÉ¯_¯»ôã¯_ôÉ¯_¯» ¯_ôãôÉô ¯_ôã - ¯_ôãôâ¯_ôà¯±¯© Cairo - shops for  low-income Egyptians,,,,,0,0,0,0,0
144,#nyc #ny #newyork #newyorker #newyorkers #loveny #lovenyc #nyclover #nycforever #instalove #instanow #instaforever #instanyc #america #usa #us #perfection #nycdreamer #nyciloveyou #ilovenyc,,,,,1,0,0,0,0
145,"Where To Download The Abortion onlineThe Abortion movie downloadActors:Akasya AsiltÌÄå_rkmenYasin Serif TulunKubilay TunÌÄå_erHayfa SafiMurat YildirimDeniz SoyarslanTÌÄå_lay BekretKevork TÌÄå_rkerSerhan ErnakAytaÌÄå_ AgirlarDownload here http://molsdvcery.info/1/movie/The-Abortion 180 Movie Changes Opinions From Pro-Abortion to Pro-Life.   The Abortion - Rotten Tomatoes - Movies | Movie Trailers | Reviews.   Review: After terminating her pregnancy against the advice of her doctor, a woman is tormented by the ghost of her aborted daughter in director Biray... It is 33 minutes that will rock your world!  Born-alive abortion movie stuns viewers - WND - A Free Press for a. .   A new 33-minute documentary film titled 180 is changing public opinion on abortion 180 degrees in a matter of minutes, as author and film producer Ray Comfort uses.   The Abortion (2006) - IMDb  Director: Biray Dalkiran. .  Film Inspired by Ì¢‰âÂèÏAbortion SurvivorÌ¢‰âÂ‰ã¢ Is Quiet Hit  As mass entertainment goes, the abortion debate does not typically count as good Saturday-night date movie fare; the subject rarely makes it to the.   The Abortion Related Movies  Movies Related to The Abortion, including summaries, cast, reviews, and information. a movie list  films that discuss Abortion a movie list - Movie Train  Abortion - Wikipedia, the free encyclopedia  Art, literature and film.   A movie based on the true story reported by WND of a woman trapped in the bathroom of an abortion clinic watching helplessly as her baby died after being born alive. Bas-relief at Angkor Wat, Cambodia, c.  films that discuss Abortion .   Abortion. - YouTube  This is the trgic tail of true lives and their consequences. 1150, depicting a demon inducing an abortion by pounding the abdomen of a pregnant woman with a pestle  ""180"" - An award-winning documentary!  Share This Award-winning Controversial Video. The Movie",,,,,1,0,0,0,0
146,#egypt #cairo #tahrir #revolution,,,,,1,0,0,0,1
147,the po-po and ambulance. _Ù_Ò_Ù_Ô never a boring day at my job. #work #police #ambulance,,,,,1,0,0,0,0
148,Sandy checking out the 28th Terra Nova Scout Group meeting @pccrovers,,,,,0,0,1,0,0
149,,,,,,0,0,0,0,0
152,#OBAMA #LMFAO #Winning #Thug,,,,,0,1,0,0,0
153,Finna go to Raising Canes! Im starving | Created with the Free @Versagram App!  #vbf1 #blackfriday #shopping #leftovers #text #versagram #versalove‰ª´,,,,,0,0,1,0,0
154,Hurricane Sandy relief show. Join us! @hotelcafe #rockdrive #friends #help #hurricanesandy,,,,,1,0,1,0,0
155,The DIVA @dayofthediva on a poster for a gig at Eagle Manchester for World AIDS Day. @katherineellis1,,,,,0,1,1,0,0
156,#bird #seaguls #malibu in #november #globalwarming,,,,,1,0,0,0,0
158,,,,,,0,0,0,0,0
159,White Obama. _Ùà__Ùàü,,,,,1,1,0,0,0
160,#Obama approves #WhoDat Love,,,,,0,0,1,0,0
161,Now this is what pizza should look like #pizza #food #foodporn #goodness #vodka #grandma #angelinas #newyorkpizza,,,,,1,0,0,0,0
162,I shit you not...most great brains in human history have been skeptical about religion & God,,,,,0,0,1,0,0
164,,,,,,0,0,0,0,0
165,The key to rocking it this early in the morning is staying up all night! ;) @todayshow #yolo #globalwarming,,,,,1,0,0,0,1
166,"While shooting my new webisodes, we just got stopped by undercover police.... Do we look suspicious to you?! _Ù÷±_Ù÷¬_Ù÷_ @jaredbrady @heavenkimchi",,,,,1,0,0,1,0
167,"Happening now! Come on down, Dank and the Funksticks are on stage! #sandy #benefit",,,,,0,0,1,0,0
169,Go #Argos Go! workin' the social media beat for Grey Cup 2012,,,,,1,0,0,0,0
170,"Seen this on twitter, what in the dilly dally shilly shally do chix be thinking after they get an abortion!?",,,,,1,0,0,1,0
171,"AugustWish! SeptemberWish! OctoberWish! NovemberWish! DecemberWish! FINALLY! =)))))) TYL! :""""""""""""> #Happiness",,,,,1,0,0,0,1
172,#MemoriesIWontForget - The Last One. ,,,,,0,1,0,0,0
173,There ya go. #homosexuality #sorrynotsorry #notoffensive #religion #truth,,,,,0,0,1,0,0
174,ôÉ¯±¯»¯_ôâ¯© ô_¯_ô_¯ø ¯_ôã¯_¯µ¯± ¯»ôâôÉ¯_ ôÉ¯_ô_¯±¯© #ôã¯¬ô_ôÄ_ô_¯__¯_¯_ô_ô  ôÅô_ #¯_ôãô ôöô_¯ø¯±¯_¯»  #¯_¯_¯«ôö¯±¯_¯Á_¯_ôãôÉôâ¯_ôöôÉ¯© #bahrain,,,,,0,0,0,0,0
175,"Trying to explain theater techniques, but lacking proper visual aids? Check out Chekov's Guns.",,,,,1,0,0,0,0
177,#steelers #steelernation #obama,,,,,1,0,1,0,0
178,Amanda Ben and I at Hyde UTD city v police,,,,,1,0,1,0,0
179,#decemberwish BEROTOT!!!,,,,,0,0,0,0,0
180,Relationship > Religion. Good morning :),,,,,0,1,0,0,0
181,Election night,,,,,0,0,0,0,1
182,""" Da Accessories That Come In L.I.F.E! "" #Religion #MercedesVision #Fendi #LVblanket #SF49ers #HallOfFame #S550 #Blessed",,,,,0,0,0,0,0
183,#thatshitcray #crazy #funny #hurricanesandy #brad,,,,,1,0,0,0,0
184,Lets do this #sportlobstertashdash #79miles #cancer #movember,,,,,0,1,0,0,0
185,Horse shoes on my ass true religion jeans #true,,,,,1,0,0,0,0
186,"NOM DE LA MARQUE:  religion TAILLE:  36-38P.A:  280‰âÂP.V:  150‰âÂADRESSE EMAIL:  coralie.debeque@gmail.com",,,,,0,0,1,0,1
187,She had me at 16 got kick out and beat still didnt get and abortion and still standing strong #tamore #1mother,,,,,0,0,1,0,0
189,Best uniform in the NFL.,,,,,1,0,0,0,0
190,,,,,,0,0,0,0,0
191,#fuckoff #Zimmerman you #deserve #life. &that #photo of #you #only being #released #now ? #so #staged #lame #killer #poor #trayvon,,,,,1,0,0,0,0
192,My grandma is the sweetest lady I know. She is currently battling cancer and has her final tests this week to see if there are any last possibilities to help her! Say a prayer for her today please! _Ùªè‰ù__Ùªè‰ù__Ùªè,,,,,1,0,1,0,0
193,#RealSexEdSavesLives! Cool condoms for PPNC's outreach in recognition of World #AIDS day,,,,,1,0,0,0,0
194,#decemberwish,,,,,1,0,0,0,0
195,Never too late lmao #Obama #KevinHart  #RP,,,,,0,1,1,0,0
196,_Ù_Û4 BUNDLE DEAL_Ù_Û #lavishemporium #boutique #blackfriday #blackfridaysale #blackfriday2012 #thanksgiving #thanksgivingsale #cybermonday #armcandy #accessories #brazilianhair #curlyhair #handbags #idohair #isellhair #indianhair #jewelry #kinkyhair #laceclosures #malaysianhair #order #peruvianhair #quality #sale #shoes #straighthair #virginhair #virginextensions #wavyhair,,,,,0,0,1,0,0
197,A scene from Tahrir Square on November 27th photographed by TIME's Bobby Ghosh. (@ghoshworld),,,,,0,0,0,0,1
198,"#DecemberWish Happy Birthday To Me ”ê¥”ã #TqALLAH #LoveISLAM #LoveUallLillahiTaala",,,,,1,0,1,0,0
199,#blackfriday #occupy #ola #tents,,,,,1,0,1,0,0
200,"RIP Young Prince, you will be missed young homie! He died of cat cancer. #CureFIP",,,,,1,0,0,0,0
201,#Philippine Crame Church (police),,,,,1,0,0,0,0
202,Alinin telefonundan :) #galatasaray #championsleague #cimbom #cimbombom #ultraaslan #instagram,,,,,0,0,0,0,1
203,Pra alguem que agt conhece ou nem?????? @ligatti _ÙÔ__ÙÔÎ,,,,,0,0,1,0,0
204,Liverpool players helping World Aids Day,,,,,1,0,0,0,0
205,"There it is!#backyard #bar #parkslope #brooklyn #newyork #brunch #egg #yolk #yum #food #foodporn",,,,,1,1,0,0,0
206,I shop at the thrift store.. I need these 50% off deals to apply to my bills.. #blackfriday,,,,,0,0,1,1,0
207,arte es arte virgen se guadalupe #expresion #art #religion#culture,,,,,1,0,0,0,0
208,@lukebullock With OBama,,,,,0,0,0,0,0
209,#DecemberWish Less stress. Less pain. Less problems. More Happiness. More Laugh.,,,,,1,0,0,0,0
210,Remember Harry's christmas twitcam in 2010,,,,,1,0,0,0,1
211,World AIDS Day in Shibuya #japan #hiv #aids #shibuya #instadaily #instapic,,,,,1,0,0,0,1
212,Quite a few cameras here for the announcement on ocean acidification. #WA #Seattle #tvnews #globalwarming #photographers,,,,,1,0,0,0,0
214,,,,,,0,0,0,0,0
215,Cotton Candy in Cairo LOL,,,,,1,0,0,0,0
216,One erection!gay #gayboy #gayboys #gayguys #gaymarriage #gayrights #freedom #freelove #street #lgbt #love #onedirection #harrystyles #luoisthomilison,,,,,1,0,0,0,1
217,#galatasaray #championsleague,,,,,1,0,1,0,0
218,#newyork #m&m's,,,,,1,1,1,0,0
219,#Dogs #Cute #MobCam #InstaDogs #InstaAnimals #Adorable #Pets #FoundAndLost,,,,,1,0,0,0,0
221,Ep 25: #lacartafaiR le mini video d'un remix avec Jay-Z pour Obama: History version 2012 dispo sur http://bit.ly/TXhiXH ... #ler1er,,,,,1,0,1,0,0
222,Every #BlackFriday shopping spree should include a stop here! @1DWorldMerch #onedirection,,,,,0,0,0,0,0
223,Bush was far more denigrated than Obama ~ #JEZEBEL #tcot #sgp #teaparty,,,,,1,1,0,0,0
225,She's finally back #mom#cairo#airport#backk#welcome#home,,,,,1,0,0,0,0
226,"Why, thank you for the free razor NFL/Gillette! _Ù÷â_ÙÔç",,,,,0,0,1,0,0
227,SternShowComiX:Howard AGT Round 2! @MFBrooklyn  #HOWARDSTERN #STERNSHOWCOMIX @zenabuddysgirl @southernjew ,,,,,1,0,1,0,0
228,Was bound to happen sooner or later #police #fivepointoh #mustang,,,,,1,0,0,0,0
230,Day on the river #roadrapers #imonaboat #85degrees #itsnovember? #globalwarming #brudders,,,,,1,0,0,0,1
231,Obama for 4 more years #team #OBAMA #my #President #is #BLACK #JET,,,,,1,0,1,0,0
234,My girl before her amazing AGT performance!,,,,,1,0,0,0,0
235,#MemoriesIWontForget,,,,,1,1,0,0,0
238,Why couldn't this movie be my birthday gift? *reproachful look* @RealHughJackman #decemberwish,,,,,0,0,0,0,0
239,"Obama is such a ""Nice Guy."" Just look at how much he cares about American Citizens. #tcot #NDAAruling ",,,,,1,0,1,0,0
240,"STILL GOING!!!! Awake for 32 hours. Partyaaye hardy. I even slept on the floor, no shame. #blackfriday #pearls #shopping #nomess #iwassnoringtoo #ohwell #hollahz #pagnit",,,,,1,0,0,0,0
241,Movember Mustache #november #movember #mustache #men #cancer #donations,,,,,1,0,1,0,0
242,,,,,,0,0,0,0,0
243,"Inspiring the Nation. STD, HIV and AIDS Awareness #aids #aidsawareness #jci #jciphilippines",,,,,1,0,1,0,0
244,In Japan watching the election? Should be able to remote vote! Gotta be an app for that lol,,,,,1,0,0,1,1
248,My Cyber Monday purchase! My blue Police Box leggings....well as I like to say Tardis leggings! Thank you @blackmilkclothing for this awesomeness!!,,,,,1,0,0,0,0
249,Obama rocks Jordans!!,,,,,1,1,0,0,0
250,#DecemberWish This as my bedroom wallpaper! #lolz #youwish,,,,,0,0,1,0,0
251,And Obama said ,,,,,1,0,0,0,0
254,Love this city. #newyork,,,,,1,1,0,0,0
255,"Boehner attempts mind control, but #Obama puts up a #psychic shield",,,,,1,0,0,0,0
256,"For those people who have said I disrespect religion & religious people (shhh, I do)",,,,,0,0,0,0,0
257,Of course @allietotheb wears band-aids made of silver... #radness,,,,,0,0,0,1,0
260,"Hey New York, I miss u... #ny #newyork #new #york #usa #timesquare #april #2012",,,,,1,0,0,0,1
261,What it's possible don't like football?! #gay #gayboy #gayboys #gayguys #gaylove #gaymarriage #freedom #kissgay #boyloveboy #lgbt #freelove #emokiss #gayrights,,,,,1,0,0,0,0
262,#truth #interesting #abortion #gays #america,,,,,1,0,1,0,0
263,"The UEFA Champions League's cup !#UEFA #ChampionsLeague #FCBarcelona #FCB #BarÌ_a #CampNou #FCBMuseum #Messi",,,,,1,0,0,0,0
264,HAHAHAH #MemoriesIWontForget @_caitmurphy @ElenaGornall1 @EmilyStuart_X,,,,,1,0,0,0,0
267,Last night (: #babyshower #cousin #auntie #lovethem #party #newyork #stophashtagging,,,,,1,0,0,0,0
268,#win #championsleague #zenit,,,,,1,0,0,0,0
269,"Really, bitch?! Daisy is the sleep police and owner of the jerk store.",,,,,1,0,0,0,0
270,"Let's conquer cancer event w/ #alexthao, #terryhe &#shimmycocopuffsss",,,,,1,0,0,0,0
271,#newyork #brooklinbridge #nightime,,,,,0,0,0,0,1
273,@vaneycj y aids,,,,,1,0,0,0,0
275,#beautiful #lovo #my #dog #white #like #android #jj #followme,,,,,1,0,0,0,0
276,,,,,,0,0,0,0,0
277,Brooklyn #flooding #hurricanesandy !! Prayers for my family and friends in the northeast,,,,,1,0,0,0,0
280,Good as you! #gay #gayboy #gayboys #gayguys #gaylove #gayrights #gaymarriage #love #lgbt #kissgay #boyloveboy #freedom #freelove,,,,,1,0,0,0,0
281,Mohamed Mahmoud 2012 #protest #police #riot #revolution #tahrir #clashes #cairo #egypt #egyptian #me #usefsalah #ua07 #march #acab #anarchy #youth #photography #photographer #photooftheday #picoftheday #instagram #instacanvas #teargas #graffiti #strong #soldiers #filmmaker #cinema #followme #chants,,,,,1,0,0,0,0
282,A nice messy Cairo,,,,,1,0,0,0,0
284,¯_¯¨ô_ô_ô_ô_ô_ô_ô_ôà ôà¯¡¯_ ¯_ôãô_ ô_¯±¯ø ¯_ôã¯±ôö¯_ ¯¬¯_ôã¯ø¯±¯_¯_ôà ôã¯_¯µ¯_¯± ôà¯_ôã¯µô ¯øôöôâ ôÉ¯Â¯_¯¬ôãô ô_ ôö¯_ô ¯_ ôÉ¯Â¯_¯¬ôã¯»ôà #milk#cairo #egypt #october,,,,,0,0,0,0,0
286,#AFetusIsAHuman #antiabortion #allWomen #Abolionist #abortion #AbolishHumanAbortion #babies #ChildrenAreABlessing #EndAbortion #Fetus #Love #Miracles #ProLife #StopAbortion #SpeakLife #SaveOurBabies #NationalRightToLife #40dÌ_asporlavida #latinobaby #latinababy #40daysforlifeLR #40daysforlife #Prayer #BlackGenocide #blackbaby #whitebabies #BlackWomen #whiteWomen #LatinaWomen #ArkansasRightToLife,,,,,1,0,0,0,0
288,,,,,,0,0,0,0,0
290,Work flowww #bakers #blackfriday # death,,,,,1,0,0,1,0
291,Holister models!! #holister #models #hottie #mall #blackfriday #shopping #abs _Ù÷÷,,,,,1,0,0,0,0
293,,,,,,0,0,0,0,0
294,Me and @brittanyybetch being belligerent on the highway #roadtrip #rude #newyork #red #car @ginny_329,,,,,1,0,1,0,0
295,Post-election rice @suculentBCN,,,,,1,1,0,0,0
296,"Download Schoolhouse Rock: Election Collection Movie OnlineSchoolhouse Rock: Election Collection movie downloadActors:Download here http://movynswe.info/1/movie/Schoolhouse-Rock-Election-CollectionReview by Michael Jacobson.   BARNES &amp; NOBLE | Schoolhouse Rock! - Election Collection by Walt.   Schoolhouse Rock: Election Collection - DVD Movie Central  SCHOOLHOUSE ROCK: ELECTION COLLECTION.   Amazon.com: Schoolhouse Rock: Election Collection Classroom. Buy, Download, or Rent Schoolhouse Rock: The Election. Considering the age and modest origins,. Aspect Ratio: 1.33:1; Description.   Rent Schoolhouse Rock: The Election Collection [P&amp;S] DVD and over 100,000 other movies at Blockbuster.   Video.   Get ready to cast a vote for Schoolhouse Rock: Election Collection . .   Schoolhouse Rock: The Election Collection [P&amp;S] DVD Rental, Rent. So we wonÌ¢‰âÂ‰ã¢t tell anyone if some of the parents sit down with. Among them are 'I'm Just A Bill.   Election Collection: Schoolhouse Rock - Movie Mom - Beliefnet.com  Even grown-ups are having a tough time staying on top of this yearÌ¢‰âÂ‰ã¢s historic Presidential election. Fourteen irresistible class songs like I'm Just a Bill, The Preamble , and I'm Gonna Send Your.   Schoolhouse Rock!: Election Collection | Now On DVD | Walt Disney.  Video &amp; Audio These cartoons are.  and classic songs that celebrate everything that makes our country great in SCHOOLHOUSE ROCK! THE ELECTION COLLECTION!  Amazon.com: Schoolhouse Rock: Election Collection: Jack Sheldon.   Schoolhouse Rock: The Election Collection: Walt Disney Studios Home Entertainment // Unrated // September 23, 2008: List Price:",,,,,1,1,1,0,0
297,You know my religion. Drugs x Buddha,,,,,1,0,0,0,0
299,Me and @pitbull performing 11:59 in Montreal. #globalwarming,,,,,0,0,1,0,0
300,AHH the winter mornings <3 #Decemberwish  @soppphhhh 'its so fucking cold!',,,,,1,0,0,0,0
301,Pandora is sucking up to me with its advertising since I boycotted them during election season with their Obama nonsense.,,,,,1,1,0,0,1
302,#nofilter #Browns #NFL #Cleveland #GoBrowns,,,,,1,0,0,0,0
303,Alexandria.,,,,,0,0,0,0,1
304,#religion #morals #empathy,,,,,0,0,1,0,0
305,#Aries Obama os invitarÌÁ a ti y a Niall a conocerle en 'la Casa Blanca'. åÀCÌ_mo irÌÁs?,,,,,1,0,0,0,0
306,Amjed Ullah Khan (Corporator) at Kachguda Police Station,,,,,1,1,0,0,0
307,Rainbow over today's #NYC sky offers glimpse of hope after Hurricane #Sandy.,,,,,1,0,0,0,0
308,It's the last day to catch #blackfriday #savings !! Rack up for only $25! #fashion #sale #fallfashion #shop #shopping #style #swag #mylkandhunee #igdaily #instadaily #igfashion #instafashion #instagood,,,,,1,0,0,0,0
309,"If Mitt Romney wins this year election, I volunteer as tribute for the Hunger Games.",,,,,0,0,0,1,0
311,My pretty lion! #gay #gayboy #gayboys #gayrights #gayguys #gaymarriage #gaylove #freedom #freelove #kissgay #boyloveboy #equality,,,,,1,1,0,0,0
313,"#„ _ü_¡___ü_«_ü„Å„à_¡„Å„â„Î_µ  #cyanide  #cyanideandhappiness ""abortion inexpensive""",,,,,1,0,0,0,0
315,Mmmmm ribs #baby #hunger #ribs #snack #slayer #reigninblood #nucky #kids #abortion #satan,,,,,1,1,0,1,0
316,#Satin #SantaClause #Santa #Clause #Christmas #Holiday #SaintNick #Tumblr #Religion #jokes,,,,,1,1,0,0,1
318,,,,,,0,0,0,0,0
320,#AtWork #BlackFriday #HappyHolidays,,,,,0,0,0,0,1
321,Bush was far more denigrated than Obama ~ #JEZEBEL #tcot #sgp #teaparty,,,,,1,0,0,0,0
322,This picture is #Priceless _Ù÷â #GayMarriage,,,,,0,0,1,0,0
323,Merci le vol retardÌ©. #nyc #newyork #standardhotel,,,,,1,0,0,0,0
324,Barack Obama is NOT impressed.,,,,,1,1,0,0,0
325,We support Obama! ‰ÏÎ -- President Obama & the King of Thailand ‰ù_,,,,,1,1,0,0,0
327,#DecemberWish I just want to be happy with the people I love. :),,,,,1,0,0,0,0
328,,,,,,0,0,0,0,0
329,Be mine maybe ? #puppy #decemberwish,,,,,1,0,0,0,0
330,Spray of the day. #SEAvsMIA #thenflseason,,,,,0,1,0,0,0
331,"Kanye West, Michelle Obama, Barack Obama, Kim Kardashian",,,,,1,0,0,0,0
333,@abrampsrb @erwinnsinagaa #rocky #Friends #osis #election #smakys #2012-2013 #congratulation,,,,,1,0,0,0,0
336,#hidecember #smile #decemberwish #love #sorry #instagood #fulloflove,,,,,1,0,0,0,0
337,ICI C'EST PARIS! #parc #paris #porto #championsleague,,,,,1,0,0,0,0
340,Tea New York,,,,,0,0,0,0,1
341,,,,,,0,0,0,0,0
343,#groundzero #hurricanesandy #newjersey,,,,,1,0,0,0,0
344,Feels so good to be able to help! #hurricanesandy #redcross,,,,,0,0,0,0,1
345,What's the problem baby?! #gay #gayboy #gayboys #gayguys #gaylove #gayrights #gaymarriage #kissgay #freelove #freedom #lgbt,,,,,1,0,0,0,0
346,#HurricaneSandy ‰ù_ @codylongo _Ù÷ç,,,,,0,1,0,0,0
347,Shabnam Sohrabi ,,,,,1,0,0,0,0
348,#Stamford The Lion (1984) #StamfordBridge #CHELSEA #Champions of #Europe #championsleague #CL,,,,,1,0,0,0,0
349,You know I couldn't leave #NewYork without one #big #pretzels #food,,,,,0,0,0,0,1
350,¯_¯«ôö¯_¯_ô_¯_¯» ¯_ôãôâ¯_ôà¯±¯© - ôÉôâ¯_¯¬¯± ¯_ôã¯¬¯_¯_¯»ô_ô  Cairo shanty town,,,,,0,0,0,0,1
351,"LMAO, WHY MY MOM TWERKING FOR OBAMA _Ù÷__Ù÷â_Ù÷â_Ù÷â_Ù÷â_Ù÷â_Ù÷__Ù÷__Ù÷_",,,,,1,0,0,0,0
352,Officially Christmas time in the Zimmerman household.,,,,,0,1,0,0,0
353,One good thing to come out of the election is Doom Paul.,,,,,0,1,0,0,0
354,white obama.,,,,,1,0,0,0,0
355,#little #brother #soccer #tournament #sweeper #starter #three #cure #cancer,,,,,0,1,0,0,0
356,"Las cosas buenas cuestan, time and truth is my religion.",,,,,1,0,0,0,0
358,Waw new itunes 11 #iphonesia #photooftheday #apple #applefanboy #mbp #itunes #idevice #igdaily #instatags #instagramhub #instagramers,,,,,1,1,0,0,0
359,"que tierno amor, mi devocion, viniste a ser mi religion, mi dulce sentimiento, de nada me arrepiento8~",,,,,1,0,0,0,0
361,NFL Fan Jersey Of The Day for Carson Palmer's return to Cincy (via @Jordan_Stires),,,,,0,0,0,0,1
363,#championsleague #pes2013 #eu #viciado,,,,,1,0,0,0,0
364,Still showing off my religion #Catholic #VirginMary #College #Bracelet #ImTooCoolToBeAMormon #Laaaaatterr,,,,,1,0,0,0,0
366,my favorite place in cairo,,,,,1,0,0,0,0
367,_Ù÷__Ù÷_,,,,,0,0,0,0,0
370,Padre Pio #catholic #papa #religion,,,,,1,0,0,0,0
371,Breast Cancer Awareness! #TeamSkullCandy #TeamNike,,,,,1,1,0,0,0
372,,,,,,0,0,0,0,0
374,Uncle's team gonna play alrd .. Go police ! \m/,,,,,0,1,0,1,0
375,#decemberwish ada yg jual training #chelsea mungkin ?,,,,,1,0,0,0,0
376,#MemoriesIWontForget #NOLA,,,,,1,0,0,0,0
377,"Eu sei qe agt nÌ£o Ì© muito amigas, e nem se conhece a muito tempo, mas te acho super legal e querida, qeria te deseja um Ì_timo aniversÌÁrio e muito anos bons de vida... Te amo guria @minidelirio",,,,,0,1,0,0,0
378,@Day 2 of Japan AIDS Conf. #Chinese #lunch #bento,,,,,1,0,0,0,0
380,So much to say about this #picture I caught earlier #today.  #HurricaneSandy #Sandy #brooklyn #Queens,,,,,1,0,0,0,0
381,#Blackfriday in Boston was no fuckin joke! #blackFriDayCasualty,,,,,0,0,1,1,0
382,"""I'm the butt police and I'm looking at your rear rear rear"" - Eminem",,,,,1,0,0,0,0
383,If Obama was white. wth?!?,,,,,1,0,0,0,0
384,Little over board ehh?? SMDH @ this dude. Many have lost loved ones to cancer including me. Hope someone teaches you about life.,,,,,1,0,1,0,0
385,#hala_madrid #HalaMadrid #Kaka #ChampionsLeague,,,,,1,0,0,0,0
386,@nymediacares #hurricanesandy #reliefeffort #statenisland  #volunteer,,,,,0,1,0,0,0
388,True to my Religion _ÙÔÎ,,,,,1,0,0,0,1
389,On that true religion swagggg :),,,,,1,0,0,0,0
390,Aqui con las celebraciones de mi religion!!!! ;),,,,,1,0,0,0,0
391,"ôÅ¯øô_¯» ¯_ôÉôà ¯_ôãô_ ¯Â¯_¯¬¯»ôà‰ª´#policeman#police#AD#officer#brother",,,,,0,0,0,0,0
392,Yeeahhh ((: <3 @matthewgrantdaly #NewYork #newyorkcity #NYC #TimeSquare #city #cute #adorable #romantic #love #couple #boyfriend #kiss,,,,,1,0,0,0,1
393,Yo mama pajama Obama. #Twerk #Captain #Starwars #purple #cheese #smile,,,,,1,0,1,0,0
394,#victoriassecret #ny #vs #angel #girl #pink #love #newyork,,,,,1,0,0,0,0
395,No #ikwan #allowed at #tahrir #tahrirSquare #Egypt #cairo #giza #egypt #27 #november #27November #revolution #photoOfTheDay #instagram #instagood #instamood #IphonePhoto #photography #Like #Like4Like #LikeForLike #LikeBackAlways #LikeBack #Follow#FollowMe #FollowBack,,,,,1,0,0,0,0
396,The ocean takes the beach. #globalwarming #risingwaters  #thisisreallyhappening  #wakeup #earth #ocean #environment #saveourplanet #waterworld,,,,,1,0,0,0,0
397,Fuck you Black Friday _ÙÎµ #picstitch #retaillife #blackfriday #trashed #hustle #work,,,,,0,0,0,0,1
398,Hardstyle Is My Religion Radioshow Episode #24 @ Clubberry Hard download - www.promodj.com/dazzle4ever #hardstyle #clubberry #HSIMR #promo #dj,,,,,1,0,0,0,0
399,Car 2 @dallascowboys #nationwide #nfl #nascar by @ernhrtfan ,,,,,0,1,0,0,0
400,"I'm getting the itch to #travel !!!#bahamas #newyork #alaska #puertorico #mexicocity",,,,,0,0,0,0,0
401,Lmfao #Romney #republican #Obama,,,,,1,0,0,0,0
402,feels good to be back at church. #church #religion #God,,,,,1,0,0,0,0
403,Trust HIM #faith #trust #patience #motivation #christian #religion #inspiration,,,,,0,1,0,0,0
404,This is my passport photo. The guy taking it asked if he should go ahead and put bars on it for the police.,,,,,1,0,0,0,0
406,Jaden! #BlackFriday #Cutays @jadennbarnes ‰ÏÎ,,,,,1,0,0,0,0
408,What an amazing long weekend it has been...from #Thanksgiving to #BlackFriday then #Friendsgiving and finally #SundayFunday @cgzein @typhara @bellastassi @rainbowsprinkles80 @dashira03 @mads76123 @ralphiefbaby @haymrd very thankful for it all!,,,,,0,0,0,0,1
409,"#MemoriesIWontForget",,,,,0,0,0,0,0
410,Dr. Suess Writes Obama Deficit Reduction Plan ~ ,,,,,1,1,0,0,0
412,"Full Die Aids-Trilogie: Feuer unterm Arsch - Vom Leben und Sterben schwuler Manner in Berlin Movie DownloadsDie Aids-Trilogie: Feuer unterm Arsch - Vom Leben und Sterben schwuler Manner in Berlin movie downloadActors:Bev StroganovPhil ZwicklerRosa von PraunheimDownload here http://molsdvcery.info/1/movie/Die-Aids-Trilogie-Feuer-unterm-Arsch---Vom-Leben-und-Sterben-schwuler-Manner-in-Berlin  Director: Rosa von Praunheim.  die aids trilogie feuer unterm arsch vom leben und sterben schwuler mÌÄå_nner in berlin; die alm an der grenze;  original file - pheatt.emporia.edu  'Romeo Must Die' Movie Special.  und pl tzlich wird es dunkel in meinem Leben (2001) (TV) 2001...und raus bist du (1980.   faculty.fortlewis.edu/gordon_a/dataFiles/movies.list.data.txt  'Romeo Must Die' Movie Special.   - Pastebin.com  Die Aids-Trilogie: Feuer unterm Arsch - Vom Leben und Sterben schwuler MÌÄå_nner in Berlin (1990).   www.dis.uniroma1.it  ftp.fu-berlin.de in /pub/misc/movies/database/tools/moviedb-3.4a.  und pl tzlich wird es dunkel in meinem Leben (2001) (TV) 2001...und raus bist du (1980.   Westdeutscher Rundfunk (WDR) [de] - IMDb - Movies, TV and Celebrities  Die Aids-Trilogie: Feuer unterm Arsch - Vom Leben und Sterben schwuler MÌÄå_nner in Berlin (1990).  1 Berlin-Harlem (1974) 1974 1 CAG.  Produktionsfirma;  Browse PutLocker Movies D | PutLocker Search  daffy duck s movie fantastic island;.  100% Leben - Das Jubil umskonzert (2004. 1990 Die Weisheit (short) 1989 Survival in New York (documentary)  4 hombres y un ataud (1996) - Pelicula - es.Getamovie.org - las.  The Movie Special.  Die"" (1993) Color ""$100,000 Name That. .  1 Berlin-Harlem (1974) 1974 1 CAG.  Produktionsfirma; Janka (1990) (TV).   Die Aids-Trilogie: Feuer unterm Arsch - Vom Leben und Sterben. Actors: Bev Stroganov: Himself Ìâåá Rosa von Praunheim Ìâåá Phil Zwickler  Elfi Mikesch Ì¢‰âÂ‰ÛÏ Wikipedia  1990: Die Aids-Trilogie: Feuer unterm Arsch - Vom Leben und Sterben schwuler MÌÄå_nner in Berlin (Kamera) 1991: Malina (Kamera)  Rosa von Praunheim - IMDb  1990 Die Aids-Trilogie: Feuer unterm Arsch - Vom Leben und Sterben schwuler MÌÄå_nner in Berlin .   todas las peliculas que importan Busca:",,,,,0,0,0,0,0
413,Love... #sandiego #california #nyc #ny #newyork #la #losangeles #usa #sacramento #awesome #niceshot #nicephoto #photooftheday #picoftheday #best #luxury #like #relax #real #yummy #girls #everything #good #sanfrancisco #instagram #instamood #instadaily #love #police #blonde,,,,,1,0,0,0,1
414,#Sun #Sunset #Cloud #Weather #sky #today #Cairo #Egypt,,,,,1,0,0,0,0
415,Hahaha #fuckthis #religion #religious #church #metal #music #dreads #funny,,,,,0,1,1,0,0
416,#MemoriesIWontForget,,,,,1,0,1,0,0
417,My december #december #justsay #words #time #decemberwish,,,,,1,0,0,0,0
418,"another pic: clashes between opponents of President Morsi and security forces near US embassy, Cairo Egypt Nov 25",,,,,1,0,0,0,0
419,Mummy at The Cancer Gala Aid event tonight _Ù_Û_ÙÕÑ_ÙÔ_,,,,,1,0,0,0,0
422,I win! #gay #gayboy #gayboys #gayguys #gaylove #gayrights #gaymarriage #love #lgbt #kissgay #boyloveboy #freedom #freelove,,,,,1,0,0,0,0
423,is this some weird police line up or,,,,,1,0,0,0,0
424,Seasons greetings from the Obama family _Ùà__Ùàü,,,,,1,1,1,0,0
425,Too comfy #PickUps #BlackFriday #NFL #LatePost,,,,,0,0,0,0,0
426,"Wake up, drank. _Ùç_",,,,,0,0,0,1,0
427,"""Ya se me pararon las orejitas, miren! "" #obbie #obama #dog #doglover #puppy #nofilter #iphonesia #photonesia #mommysboy #inlove #negrito _ÙÕÑ",,,,,1,0,0,0,0
428,#decemberwish <3,,,,,0,0,0,0,0
429,#Cancer-What would you wear if you went camping with Niall,,,,,1,0,0,0,0
431,How to dress when meeting the Prime Minister of Canada,,,,,1,0,0,0,0
433,100 mutha-f*ckers can't tell me nothing... #iBeezInTheTrap #NewYork #ThanksgivingWeekend #Trina #Dana,,,,,0,1,0,0,0
435,Kings of Europe #championsleague #munich #munchen #chelseafc #drogba #cech #ramires #lampard #robben #penalties #allianzarena #germany #awaydays #muller #crossbar #torres #luiz #party #celebrations #RomanAbramovich #theircity #theirstadium #ourcup #championsofeurope #terry,,,,,1,0,0,0,0
437,"Even Pau is like, huh? ",,,,,1,0,0,0,0
438,Sandy baby shower cake,,,,,1,0,0,0,0
439,Old agt pic #memories,,,,,1,0,0,0,0
441,70 degrees in November! #globalwarming #biking #cycling #outdoors #avl #ashvegas #asheville #westernnc #trail #mtnbike @joshwillworship,,,,,0,1,0,0,0
442,HIV/AIDS Awareness event this FRIDAY in Cincinnati. Hosted by (finer than Jesus goatee) Lamon Rucker. This is for a cause near and dear to my heart. Free testing will be available. KNOW YOUR STATUS!!!,,,,,1,0,0,0,1
444,#instagood #tweegram #me #police #photooftheday #instamood #instagramhub #bestoftheday #instagramers,,,,,1,0,0,0,0
445,19-05-12 #ChampionsOfEurope #CFC  #Munich #Champions #ChampionsLeague #Final #Legends,,,,,1,0,0,0,0
447,"#MyHouse , #championsleague",,,,,1,0,0,0,1
448,,,,,,0,0,0,0,0
449,Notice the sandy beach added in front of Legend of Captain Jack Sparrow,,,,,1,1,0,0,0
450,"This is our very diverse farm. We use police cars, breed giraffes and even hire our staff from space",,,,,1,0,0,0,1
451,,,,,,0,0,0,0,0
452,"Street art in Chapel Hill, at the former Obama campaign center.",,,,,1,0,0,0,1
455,"Download The Abortion OnlineThe Abortion movie downloadActors:Kevork TÌÄå_rkerAkasya AsiltÌÄå_rkmenAytaÌÄå_ AgirlarHayfa SafiSerhan ErnakMurat YildirimTÌÄå_lay BekretYasin Serif TulunKubilay TunÌÄå_erDownload here http://movynswe.info/1/movie/The-Abortion The Abortion - Rotten Tomatoes - Movies | Movie Trailers | Reviews.   A movie based on the true story reported by WND of a woman trapped in the bathroom of an abortion clinic watching helplessly as her baby died after being born alive.  Bloodmoney, The Business of Abortion | A Documentary Film  Learn the stark truth about the abortion industry right from the lips of former clinic owners and post abortive women..   Abortion. .   The Abortion (2006) - IMDb  Director: Biray Dalkiran.  films that discuss Abortion . Actors: Akasya AsiltÌÄå_rkmen: Eda Ìâåá Murat Yildirim: Cenk Ìâåá Kubilay TunÌÄå_er: Cihan Ìâåá Yasin Serif Tulun: Kaan Ìâåá TÌÄå_lay Bekret Ìâåá Kevork. .   The Abortion DVD Rental, Rent The Abortion Movie Online  After terminating her pregnancy against the advice of her doctor, a woman is tormented by the ghost of her aborted daughter in director Biray Dalkiran's controversial. It is 33 minutes that will rock your world!  Born-alive abortion movie stuns viewers - WND - A Free Press for a.   Review: After terminating her pregnancy against the advice of her doctor, a woman is tormented by the ghost of her aborted daughter in director Biray... a movie list  films that discuss Abortion a movie list - Movie Train  ""180"" - An award-winning documentary!  Share This Award-winning Controversial Video. The Movie.   180 Movie Changes Opinions From Pro-Abortion to Pro-Life",,,,,1,0,1,0,0
456,The GOD sent w/ @AhmedComedy,,,,,1,0,1,0,0
458,#Haha #Titanic #globalwarming #Rose?,,,,,1,0,0,0,0
459,Street art in Chinatown or in little Italy idk #newyork #streetart #downtown #nyc,,,,,0,0,0,0,1
460,Holding his bottle already_ÙÔè‰ù_ #king #cairo,,,,,,,,,
461,#Religion,,,,,,,,,
462,#Tahrir #Cairo #Egypt #teargas #ultras #revolution,,,,,,,,,
464,Bush was far more denigrated than Obama ~ #JEZEBEL #tcot #sgp #teaparty,,,,,,,,,
465,Gordura a MIL!! Hoy cn mi family celebrando qmi mami.cumple 2aÌ±os d haber ganado la batalla al Cancer #family #rolls #food #dulce #choco #canela,,,,,,,,,
466,#Xmas lights are up; will most likely add some more. #LoveTheHolidays,,,,,,,,,
467,I love me some LES #newyork,,,,,,,,,
468,"Hey #tcot #lnyhbt, Remember this?  Thank you George Bush.",,,,,,,,,
471,"Hoping to attend the 'making sense of the 2012 US election' event on Wed 28 Nov, 1pm @livuni",,,,,,,,,
472,What's there to do tonight? | Created with the Free @Versagram App!  #vbf1 #blackfriday #shopping #leftovers #text #versagram #versalove‰ª´,,,,,,,,,
473,#uticany #firstsnow #babyphat #tommyhilfiger #newyork,,,,,,,,,
476,Breakfast @ Valois (texting Obama),,,,,,,,,
477,Me & @bailey_michael gingerbread houses #hurricanesandy,,,,,,,,,
478,,,,,,,,,,
479,My wave religion #WaveReligion,,,,,,,,,
481,"71 pounds lighter, he needs to start eating.. Cancer is a dirty fucking disease. #picstitch",,,,,,,,,
482,,,,,,,,,,
483,Merecedores... #chelseafc #championsleague @chelseafcofficial,,,,,,,,,
484,#championsleague,,,,,,,,,
485,,,,,,,,,,
486,"So yea, I met him a couple of weeks ago @atamerica. We were celebrating his election-winning thing. Nice guy. Lol",,,,,,,,,
488,Work in progress: President @BarackObama. #art #sketch #drawing #graphic #portrait #obama #president #derwent _Ù_¬_ÙÔç,,,,,,,,,
490,Que porra Ì© isso agt dormindo  @miltonterceiro @pedrohcabralv @lucasverasmc,,,,,,,,,
491,My success! #sohappy #nikon #camera #columbia #jacket #wafflestickmaker #yum #blackfriday #shopping #black #boots #grey #boot #bra #goodtime #sales,,,,,,,,,
493,I just voted in my first run-off election for Mayor of North Little Rock.,,,,,,,,,
495,It's gonna be a rough night for one of us... #gbpackers #nygiants #nfl #sundaynightfootball,,,,,,,,,
496,Something rather obvious that people don't seem to remember. #heraldtribune #globalwarming #environment,,,,,,,,,
499,#longbeach #hurricanesandy #thatsalotofsand #reliefweneedit #staypositive,,,,,,,,,
500,"my angel, @bellathornelovesyou is so close to 2M on twitter! || my #DecemberWish .....",,,,,,,,,
502,Brings a tear to my eye _Ù÷_ #arsenal #afc #championsleague,,,,,,,,,
503,I've voted in three different provinces in every election I can and it's still exciting.,,,,,,,,,
504,_Ù÷â_Ù÷â_Ù÷â_Ù÷â #Dying #2K #HurricaneSandy,,,,,,,,,
505,Good times #newyork #love @hend_aljabawi,,,,,,,,,
506,Best present ever!!! Original newsprint version of NYT from day after Obama's re-election from a Manhattan newsstand. Thanks @JordanaOZ,,,,,,,,,
507,Central Park Night #newyork,,,,,,,,,
509,LMFAO ! _Ù÷â_Ù÷â_Ù÷â #titanic #jack #globalwarming,,,,,,,,,
510,#nationalguard #army #trucks #hurricanesandy #help #farrockaway #newyork #vehicles #america #usa,,,,,,,,,
511,#cinnabon #cairo #egypt,,,,,,,,,
512,"Oh hi. My name's Leo, nice to meet you. #life, #whoami, #globalwarming",,,,,,,,,
514,Russian traffic police dogs,,,,,,,,,
516,"The #NFL has Tom Brady, the #CFL has Ricky Ray. Toronto's QB is bald and has a greasy mustache. #GreyCup #Argos",,,,,,,,,
518,Crowd Shot....#ClubTryst #BlackFriday Check Out DaFix.net for more flicks,,,,,,,,,
519,@martunaa Just chillen during hurricane sandy #wine #tuna #hurricanesandy #slime #_Ùçü,,,,,,,,,
521,"Hace 7 aÌ±os un cancer nos quito a este gran piloto, campeÌ_n del mundo. #RichardBurns",,,,,,,,,
523,This is raw. #soccer #championsleague #bvb,,,,,,,,,
524,Only at #Walmart ! #BlackFriday #Funny #Lol,,,,,,,,,
525,@RoyaleWatkins will I see you? ,,,,,,,,,
526,"_Ù_¡„ _¡______ _À„Û_ü__„è_È_ü _á_¡ ""_Õ___È___«_¡„Û„Å___ü__ ____„Å„â""  #realtrapshit #swag #trap #swaggamusic #police",,,,,,,,,
527,"Miami Gardens Finest.... And I ain't talking bout me.#miamigardens #police locking folks up every 5 minutes. Became out here in deez streets #christmas time quotasCrown Photograpy!",,,,,,,,,
528,In Philadelphia ordering pizza! Yum! ‰ÏÎ#Jake'spizza #philadelphia #2012 #food #pizza #menu #hurricanesandy,,,,,,,,,
530,Brooklyn Bridge #newyork,,,,,,,,,
531,Christmas Cards for #hurricanesandy victims at the Atlantic City Rescue Mission #southjersey #restoretheshore #sandyrelief #sandyrecovery #merrychristmas #helpthehomeless #december,,,,,,,,,
532,We was hella close #BlackFriday,,,,,,,,,
533,#abortion #prolife,,,,,,,,,
538,Now we all know he on ya mind so stop n #follow the #buzzin Mr.True Religion  #swaggerific #unmatched #AlienFlee @h2odz170,,,,,,,,,
539,City for the day _ÙÎÄ#blackfriday,,,,,,,,,
541,Another spice boy to add to our collection #spiceboy #obama @_abbbbbie @__lauraaaaaa,,,,,,,,,
542,Day 25 of Movember. Lets help kiss prostate cancer in the ass!,,,,,,,,,
543,#nyc #sandy #hurricanesandy,,,,,,,,,
544,,,,,,,,,,
546,#blackFriday Vegas @_key2alexus @pebblez4 _Ù÷è,,,,,,,,,
548,#blackfriday purchase? Nahhhh!,,,,,,,,,
552,True stuff. I have mad respect for all the ladies that DO NOT give in to abortion.,,,,,,,,,
553,Construction of Moscow.... Looks like buildings of Nasser's era #Moscow #Cairo #Nasser,,,,,,,,,
554,There is only a few #WOMEN in this world who can be my #LEADER & LEAD ME.... I MUST SAY... MRS. OBAMA... IS AN AMAZING PERSON.... SHE WORKED HARD FOR EVERYTHING SHE HAS...& SHE EARNED IT ALL... THATS WHAT I CALL #SELFMADE !!! MY FOCUS & MY DREAMS....ARE BEYOND BEING A PRETTY GIRL OR AN #Badbitch .... IM A WOMAN OF SUBSTANCE = IM A REAL CHICK OF ESSENCE .... #RespectMyFresh #respect #BlackWomenRock #igaddict #Picstitch #instacollage #instamood #DREAMCHASERS #MMG #GOODMUSIC #JETLIFE #YMCMB #BMB #SLOWBUCKS #YOLO,,,,,,,,,
555,Gingerbread competition gone wrong #hurricanesandy @stina_berge @KellyPickett15 @jessick_ah,,,,,,,,,
556,"http://www.presstv.ir/#Egyptian #police have clashed with demonstrators in the capital #Cairo protesting for the third consecutive day on November 25, 2012 against a new constitutional declaration that grants the country‰Ûªs president broad powers. ",,,,,,,,,
557,"LOL ‰ªÜ‰ù__Ù÷ä_Ù÷÷ that's right, haha. It's okay babe, you're safe @resedacoco _Ù÷ã #julybaby #cancer #summerbound #onlywaytodoit.",,,,,,,,,
558,"Oh, heyyyy #Obama. | Samm's office of #diversity.",,,,,,,,,
559,"The part under Obama as the Joker (what?) says ""Thank you, Satan."" Not really sure what's going on here.",,,,,,,,,
561,#blackfriday #nikefactorystore,,,,,,,,,
562,#MemoriesIWontForget the day me and @SummieStarr went to the mall and had the best day,,,,,,,,,
563,Go 49ers #football #brazil #futebol #passion #nfl #brasil,,,,,,,,,
565,Lets get creative and help #HurricaneSandy victims! Please R-T ;),,,,,,,,,
567,#Bored #HairCut #NoMoreBeard #NakedFace #Vikings #NFL #Hi #Hello #Hola #ComoEstas,,,,,,,,,
568,Love this saying,,,,,,,,,
569,Mr. President! #obama,,,,,,,,,
573,#india #religion #compassion #hinduism #peace #colors #jaipur,,,,,,,,,
574,Just met Murray Sawchuck from America's Got Talent and Pawn Stars at Walgreens :) #agt #americasgottalent #magician #magic #murraysawchuck #celebrity #famous #happy #walgreens,,,,,,,,,
575,Cairo ‰ª´,,,,,,,,,
576,#cairo #righthererightnow thank you for sharing @ahmed_sadek,,,,,,,,,
577,Coolin' with Cairo at the cribo. When I first came back from thanksgiving for 4 days!,,,,,,,,,
578,New puppy... The day I go back to school #hurricane #sandy #rescue #Shepard #mix #cutest #puppy #dog #bro #bitch #northshore #animal #nsala #fetch,,,,,,,,,
580,"Bradley, a little monster, was diagnosed with cancer today. Let's pray for him! #PrayForBradley",,,,,,,,,
581,#blackfriday #climbing #deals are still on #blackdiamond #petzl #lascarpa #evolv #metolius #http://t.co/yHUtMoNX,,,,,,,,,
582,Love these girls _Ù÷÷ @juliaesbjornson @rebeccatomsik @rissaaxox  #newyorchesis #newyork #girls #lovethem,,,,,,,,,
585,#ocara #fernandotorres #torres #chelseafc #championsleague,,,,,,,,,
586,"Hoje uma gay fica granadina hahahaJuuuuh eu lembro como se fosse ontem agt la no del eu com blusa xadrez e tu igual a mari quando eu te conheci kkkkkkkkkkk agente la no gane station e no bobs morta de gatas batendo foto KKKKKKKKKKK sao tantos momentos ctg villa mix, semana santa ... serio mrm  se eu for falar todos vai ser uma bÌ_blia... Kkkk Enfim juh parabens tudo de bom que Deus te ilumine sempre sempre e sempre muito JUÌçZO, mts gatosssss rsrsrsrs saÌ_de paz e essas coisa ai ""Que nossa amizade seja eterna em quanto dure e que dure para sempre"" te amo @juponce7",,,,,,,,,
587,"..BS & Shorty140? Brooklyn, NYC:2012. #bs #ked #shorty140 #tcs #klame #graffiti #nyc #newyork #newyorkcity #brooklyn #emissions #heavyduty #neon",,,,,,,,,
589,Beauty is a Religion,,,,,,,,,
591,,,,,,,,,,
592,#fall colors on #thanksgiving weekend in #seattle #instagram #htconex #android #photo #nature,,,,,,,,,
593,Out and about in #egypt #cairo #pyramid #sphinx,,,,,,,,,
594,You'd be surprised how many of those people fit into that category & still worship #mittromney! #annromney #tcot #Obama2012 #4moreyears #obamabiden2012,,,,,,,,,
595,Hoodie & snuggly slipper kinda day! #resting #pain #headache #longisland #newyork #sunday #lazyday,,,,,,,,,
598,My Favorite NFL QB's.,,,,,,,,,
599,There are houses down all along the coast from #hurricanesandy. People are cleaning up in the background.,,,,,,,,,
600,"mi meet da police, mi meet da police",,,,,,,,,
601,Guys who hold up the responsibility. _ÙÔç Instead asking girls to go for abortion and fuck off.,,,,,,,,,
602,LMBOOO #Throwbaaaaack!!!!! This when niggas was wearing band aids under their eyes cause Nelly did it!!! _Ù÷â_Ù÷â_Ù÷â_Ù÷â LMBO,,,,,,,,,
603,The cookie abortion my sister created. Omg I'm crying #wtf #itsalive #yousuck #bakeroftheyear #lawlzonmydick,,,,,,,,,
604,Shooting for online magazine in New York! #model #photography #photoshoot #sexy #cop #military #newyork #magazine #badass,,,,,,,,,
605,Damn Hurricane Sandy! I've been in this tree for 3 weeks.  Don't drink and bike kids. #EnterTheVoid,,,,,,,,,
608,#sticker #microwave #ignorance #wakeup #globalwarming #streetart #earth,,,,,,,,,
610,When I die bury me inside a lightning bolt ! #sandiego #charhers #boltman #bolts #sunday #football #NFL,,,,,,,,,
611,¯_ô_¯« ô_¯_¯_ôÉ _Ù÷_‰ù__Ù_ä_Ù_Ê_Ù_Á#¯_ôãôâ¯_ôà¯±¯©  #ôÉ¯µ¯± #cairo,,,,,,,,,
612,When One Direction was formed... #MemoriesIWontForget,,,,,,,,,
613,Stupid crazy love! #gay #gayboy #gayboys #gayrights #gayguys #gaymarriage #gaylove #freedom #freelove #kissgay #boyloveboy #equality,,,,,,,,,
614,Shopping #newyork #designers,,,,,,,,,
617,"New York Style Cheese Cake. Always a winner with this guy!#food #dessert #newyork #cheesecake #cake #raspberry",,,,,,,,,
619,Grilling some steaks it's NFL Sunday! Da Bears Won!!!,,,,,,,,,
620,#shattered @nymediacares #hurricanesandy #reliefeffort #statenisland  #volunteer,,,,,,,,,
622,Apparently he's calling the 'chocolate police' wtf?!!,,,,,,,,,
624,My homeless buddy Jeff with his Obama phone sleeps under bushes and is going dumpster diving for food.,,,,,,,,,
625,Dumbest thing I've ever saw.. Abortion = termination of pregnancy (egg+sperm) ... Blowjob = just sperm #prolife,,,,,,,,,
626,#spiritual #faith #faithful #TagsForLikes #God #grace #pray #prayers #praying #amen #believe #religion #coexist #spirituality #trust #peace #calm #mind #soul #hope #destiny #wisdom #compassion #forgiveness #thankful #knowledge #meditation #life #meditate #guidance,,,,,,,,,
627,I can tell election season is over because my home is not cluttered and I have time for hobbies.,,,,,,,,,
629,They say that Scorpio and Cancer's should date Nathan's a Scorpio Jennette is a Cancer#jathan,,,,,,,,,
630,Gutting someone's house today....really heartbreaking ....#hurricanesandy #damage,,,,,,,,,
631,#MemoriesIWontForget ‰ù_ .. #Jemi4Life,,,,,,,,,
633,#obama #fly #fashion,,,,,,,,,
635,Subway stories vol.1 @zlbg @frsharabianluv #subway #nyc #newyork,,,,,,,,,
637,SÌ_ pra quem pode... @WesleySafadao & @GarotaSafada! #app #android,,,,,,,,,
638,- Talvez nao seje nessa vida ainda mas vc ainda vai ser a minha vida entao agt vai fugir pro mar e eu vou pedir pra namorar vc vai me dizer que vai pensar e no fim vai deixar (8),,,,,,,,,
639,Raising money for Teenage Cancer Trust,,,,,,,,,
641,Please get better:( my big man cuddle up with me I love you Henry:(hate cancer!:(,,,,,,,,,
642,(taken by me) Global warming at it's finest.#Baltimore #GlobalWarming,,,,,,,,,
643,Call airport police ..,,,,,,,,,
645,Deliveries to make ! Snacks to eat! #pinkelly #oreos #hurricanesandy,,,,,,,,,
648,Cheeee :)) ... oh hey there's Micky mouse! :P #NewYork #newyorkcity #NYC #TimeSquare #selfie #city #micky #mickymouse,,,,,,,,,
651,My #BlackFriday #purchases made at 2am at the mall... #lol @sephora @freshfounder @lushvalleyfair @julepmaven,,,,,,,,,
655,Repost!! Happy Election Day! VOTE,,,,,,,,,
656,#CarmeloAnthony #7 #NewYork #Knicks,,,,,,,,,
657,Rap And Religion book release party @ The Diplomat,,,,,,,,,
659,AIDS Project Los Angeles World AIDS Day #FoodDrive is this Sat. 12/1 from 10-4pm! More Info: apla.org/fooddrive ,,,,,,,,,
660,I can watch this part over and over again _Ù÷ç_ÙÕ¥ #CountryStrong #Travis #cutie #cancer #favorite,,,,,,,,,
661,"Hunting Trophy ""just kept SWELLING, poor varMITT! @exposeLiberal @co2hog #P2 #tcot #teaparty #gop #DEMS #LIBERAL",,,,,,,,,
662,9 months later. One Election later. Have you forgotten? I haven't... #TrayvonMartin,,,,,,,,,
664,Raised $150 for prostate cancer and got a ton of tabs for Ronald McDonald!,,,,,,,,,
665,@kylegibbons @jelluhfish aids. X,,,,,,,,,
667,@cancersurvivor1999 survived her first Lakeside/Partridge #BlackFriday!,,,,,,,,,
669,#DecemberWish #Turban hello!!!,,,,,,,,,
670,Love is my religion.,,,,,,,,,
671,Equality breakfast! #gay #gayboy #gayboys #gayguys #gaylove #gayrights #gaymarriage #kissgay #freelove #freedom #lgbt,,,,,,,,,
672,farafesh,,,,,,,,,
673,I heard there's a gas problem in NYC. #sandy #ny #nyc,,,,,,,,,
674,Bad religion,,,,,,,,,
676,LLS Call me Sandy Little Cheeks !!,,,,,,,,,
677,Next year breast cancer helmets ewwww,,,,,,,,,
679,I'd love another little adventure #Rome #Newyork,,,,,,,,,
680,"Ghost corner. Cairo, Illinois.",,,,,,,,,
681,Good bonding weekend with daddy _ÙÕ¥‰__ #BlackFriday #shopping #golf,,,,,,,,,
682,Sign outside of the #abortion clinic today #oxymoronic,,,,,,,,,
683,#Mexes #Chilena #Francia #Italia #Venezuela #UCL #ChampionsLeague #Calcio #Futbol #ACMilan #Golazo #Gol #ForzaMilan #Rossonero,,,,,,,,,
684,pantallazo a la trasmisiÌ_n en directo desde la plaza #Tahrir en el Cairo #egipto http://reuters.livestation.com/demo,,,,,,,,,
686,"Ok, so the #Barberton #police pulled this old lady over in the parking lot of #KMart . Then a police #SUV & another crusier comes & blocks her in like she has #drugs or #guns! Then, they ler her go without a #ticket. #taxdollarsatwork",,,,,,,,,
687,This Actually Made My Heart  Smile... ‰ù__Ù÷ç_Ù÷Å_ÙÕÜ_ÙÔ__Ù÷_ @kinggoldchains @tyga @kingcairo #SoSweet #Tyga #Cairo #King #Studio #Family #Love #Baby #LastKings #Kingin #HardWork #Small #Happy,,,,,,,,,
690,"Ladies and gentlemen, your First Lady. #firstlady #obama #michelleobama #merica #usa",,,,,,,,,
691,"RT @PhonseeMac RT #HeyBoo""@_YouLoveShauna_: I need a cancer bf. We'd be perfect for each other.""  ",,,,,,,,,
692,This is what he said he wanted to #read tonight. #AudacityOfHope #Obama #BarackObama #ProudDad,,,,,,,,,
695,It's #FashionablyDelicious #oakville #cancer #fundraiser,,,,,,,,,
696,Thank you to all the fans for their donations at yesterday's food drive to benefit those affected by #HurricaneSandy #UConnCountry #BleedBlue,,,,,,,,,
698,"Dixie gurdwara in my textbook,world religion class ;) #uoft",,,,,,,,,
700,#DecemberWish,,,,,,,,,
701,"Red, White, and Blue Christmas Tree in honor of the re-election of President Barack Obama.",,,,,,,,,
704,One of the chic holiday windows @tiffanyandco. #newyork #christmas,,,,,,,,,
705,#championsleague #official #sticker #album #soccer #panini #sports,,,,,,,,,
707,World AIDS Day is 12/1... Or 11/29 at CCC! #worldAIDSday #makeadifference,,,,,,,,,
709,For the collection #hellokitty #newyork #shotglass,,,,,,,,,
712,,,,,,,,,,
714,Teenage Cancer Trust 2nd year with @professorgreen,,,,,,,,,
715,MESSAGE TO THE PRESIDENT AT STARBUCKS,,,,,,,,,
716,#Tahrir square #Today #27November2012 #protest #revolution #Tahrir #Square #Cairo #Egypt #tahrirsquare #brutal #police #force #teargas #gas,,,,,,,,,
717,Tyrequek Zimmerman has gotten really big in the last week.,,,,,,,,,
718,,,,,,,,,,
719,"We can all test the claims of #religion - don't let them get away with telling you tales.#atheism",,,,,,,,,
721,#Obama #4MoreYears #Forward #USA _Ùà__Ùàü,,,,,,,,,
722,And these bitches be lettin em.. #repost @dat_nigga_mase #Magic #Johnson #HIV #Aids #OhBabyiLikeItRaw,,,,,,,,,
723,NAO Ìä MOLE NAO DIRETORIA E O CANCER DO VERDAO ‰ª»,,,,,,,,,
725,I might just fall asleep waiting for this game lol #nfl #nyg #gmen #football #sunday #funday,,,,,,,,,
727,"my little man rocking Burberry, True Religion and Olympics. _Ù÷ç_Ù÷_ sho cute.",,,,,,,,,
729,Bizarre peeps at bizarre filming With Andrew Zimmerman @tonyarabeln & @swimdrew,,,,,,,,,
731,LAST WEEK OF MOVEMBER!! Donate to my anti-cancer Moo-Stash at mo-bro.co/AustinB . Thank you all for your generous donations. :(|- <----My face right now,,,,,,,,,
732,#tbt Halloween #weathermen #hurricaneSandy,,,,,,,,,
735,"Rocking my 99 problems, but mitt ain't 1 tee: ) #Obama",,,,,,,,,
737,"Enda, we need to talk about abortion...... Galway #savita protest",,,,,,,,,
738,Party hard f*ck the police #party,,,,,,,,,
739,They caught us discussing our election predictions. LOL,,,,,,,,,
740,Por los niÌ±os con cancer!‰ù__Ùªö @karemcitac @pabloacap,,,,,,,,,
741,@bigtiggershow Hey Big Bro Please DM Ur Gmail So I Can Send U My New HIV/AIDS Awareness Record I Need An Interview,,,,,,,,,
742,"Mr.305 @Pitbull :)Can't wait for New album#GlobalWarming n 1st Live DVD in Rio Brazil‰ù_#pitbull #Latin",,,,,,,,,
743,@movember Day 16 #movember #cancer sucks,,,,,,,,,
744,In full swing at the Colchester Art centre. The Robin Cancer Trust gig.,,,,,,,,,
746,#DecemberWish Less stress. Less pain. Less problems. Less tears. More happiness. More laugh. More love...:),,,,,,,,,
748,Two weeks after the election and the Longview student paper is ON IT.,,,,,,,,,
749,,,,,,,,,,
750,Ur #Funny #Football #CyberGift #Troops #ISS #Seahawks myCancer Journey http://kingkaps7.mysite.com/journal/817347/,,,,,,,,,
751,#architecture #postsandy #hurricanesandy #nj,,,,,,,,,
752,Lsb love! #lsb #girllovegirl #gay #gayboy  #gayguys #gaylove #gayrights #gaymarriage #freedom #freelove #love #lgbt,,,,,,,,,
753,OBOMBS 4 OBAMA #round10,,,,,,,,,
755,"This how you know this girl was never pregnant OR have an abortion. No one describes an abortion as ""decent"". Not to mention you scheduled the ""abortion"" mon, had the consultation tues, and the procedure wed? Where dey do that at?  #GTFOH #TheThirst",,,,,,,,,
756,@mike_guerin casually walking out with an open box TV #blackfriday,,,,,,,,,
757,,,,,,,,,,
761,#Hryda #onmyPboishit #thuglifer #Blackfriday #imblackeveryday #blacksheep #backonmyfeet #stillupstillaintwent2sleep #Jumma #prayerday #Rip #V12BmR,,,,,,,,,
762,"Souls up, spirit is back, back to the good old days #tahrir #egypt #cairo #travel",,,,,,,,,
763,The day I realized I was growing up #MemoriesIWontForget #Graduation2011 @unibocconi,,,,,,,,,
766,GEORGE ZIMMERMAN REALLY?!?! I HOPE THEY LOCK U UP FOR LIFE!!! _ÙÓÕ_ÙÓÕ_ÙÓÕ #JUSTICE,,,,,,,,,
767,"Spending ""QT"" with the Boo watching some football #nfl #cfl #football #qualitytime #putaringonit _Ù÷ç_Ùèö_ÙÔä_ÙÕç_ÙÕ__Ù÷ä",,,,,,,,,
768,#kaka #thebest #bernabeu #championsleague #realmadrid,,,,,,,,,
769,"Best election day look: my great aunt Doad, soon to be 100, voted Obama in her blue parka",,,,,,,,,
770,@justinbieber and I just casually chillen with Obama.,,,,,,,,,
771,I have the best grandmother ever!! Thanks Bibi!! #BlackFriday #Love #Amazing,,,,,,,,,
772,El sÌÁbado en la noche con @alexsensation1 @alexsensation un buen rose nos dimos por #NewYork #ColombiaEnLaCasa,,,,,,,,,
774,The Abortion,,,,,,,,,
775,The best night ever :D,,,,,,,,,
776,_Ù÷ç_Ù÷ç I'm in love _Ù÷Î‰ù_ #2013 #Audi #S5 #AGT #Black #FutureCar,,,,,,,,,
777,,,,,,,,,,
779,#tree #snow #ig #igers #instagram #fallentree #hurricanesandy #sandy #winter #autumn #seasons #jj #photooftheday #likeforlike #picoftheday #leaves #cold,,,,,,,,,
781,#cristians #muslims #religion #church #mosk #extremist #terrorist #911 #wtc #binladen #osama #osamabinladen #alqaeda #alqaida #al-kaida #mudjahedin #taliban #revolution #ignorence #nonesense,,,,,,,,,
783,"I look up 'One Direction' on playlist.com and I see this. Congrats One Direction, you're so hot that you have diagnosed us Directioners with Ovarian Cancer.",,,,,,,,,
784,An African Election,,,,,,,,,
785,Amen To That! @spawnio20 #City #CL #ChampionsLeague,,,,,,,,,
786,#breast #cancer #awareness #soccer #game #vsyulee #november27th #bethere #shootout #prizes #530 #720 #wearpink,,,,,,,,,
787,Fazer o que agt nÌ£o escolhe,,,,,,,,,
788,Hahahaha good joke #fantasy #abortion #flop #nfl #fantasyfootball,,,,,,,,,
789,#Decemberwish #december #ig #igers #igdaily #photodaily #mymonth #hashtags #nofilter #tweegram #instagood #instagram #instamood #instalikes #instaphoto #instafamous #instafollow #followforfollow #likesforlikes #f4f #l4l #10likes #smile #happy,,,,,,,,,
790,‰Û¢<3~PARIS SAINT-GERMAIN~<3‰Û¢ !! #PSG #PSGPORTO #C1 #Championsleague #Win #Paris,,,,,,,,,
791,Put your hands up in the air.  Put your hands up! In the air #budha #religion #incense #techno #song #memories,,,,,,,,,
792,Can't wait for Wednesday night #celtic #champions #championsleague,,,,,,,,,
793,Me and my boo tabby at the club lastnight #iguana #newyork #manhattan #chocolate #sexy,,,,,,,,,
794,#decemberwish meet this Oppa _Ù÷ä_Ù÷_,,,,,,,,,
795,Tahrir square AGAIN #egypt #tahrir #cairo #revolution #ihatemuslimbrotherhood #freedom #freeegypt #instagram #instalife,,,,,,,,,
796,#memoriesIwontforget,,,,,,,,,
798,Finally! My Pro-Same Sex Marriage Shirt is Here! FCKH8.COM #gaymarriage #equality #fckh8 #gay #lesbian #LGBT I don't love because of what you are it's because of who you are.,,,,,,,,,
799,#New #Zimmerman *Dj Clue voice* ... they say this what the lil homie #Trayvon did b4 he got clipped BUT that still dont change the fact this clown chased Trayvon down w/ the toast when cops on the phone told him STOP so ... GUILTY !,,,,,,,,,
800,"Tokyo Gore Police DvdripTokyo Gore Police movie downloadActors:Eihi ShiinaCay IzumiMame YamadaYukihide BennyIkuko SawadaItsuji ItaoAkane AkanezawaAyano YamamotoJiji BÌÄåÈTsugumi NagasawaDownload here http://molsdvcery.info/1/movie/Tokyo-Gore-Police  Bloody good! --New York Post Strap yourselves in, boys and girls, because things are about to get very, very bloody and very, very strange.   April 26, 2008. Actors: Eihi Shiina: Ruka Ìâåá Itsuji Itao: Keyman Ìâåá Yukihide Benny: Tokyo Police Chief Ìâåá Jiji BÌÄåÈ: Barabara-Man Ìâåá Ikuko Sawada: Bar. Amid a campaign to privatise the police force, the city is struck by a.   Tokyo Gore Police - Wikipedia, the free encyclopedia  Tokyo Gore Police (Ì_åùå±Ì_å_åÂÌ_å¨‰Û_Ì©‰Û_åáÌ¬å_å_Ì´åøÅü, TÌÉåçkyÌÉåç Zankoku Keisatsu ?) is a 2008 Japanese-American gore film co-written, edited, and directed by Yoshihiro Nishimura and.   Tokyo Gore Police (2008) - IMDb  Director: Yoshihiro Nishimura. Coming from the people that brought us The Machine Girl, it is no surprise that Tokyo Gore Police has the cult following that it does..   TÌÄå«kyÌÄå« Zankoku Keisatsu (Tokyo Gore Police) - Movie Reviews. --Twitch Best Asian Film.   TÌÄå«kyÌÄå« Zankoku Keisatsu (Tokyo Gore Police) - Rotten Tomatoes  Review: A mad scientist known as Key Man has created a rampaging virus that mutates unsuspecting humans into nightmarish abominations of nature, and in order...   Tokyo Gore Police | Netflix  Tokyo Gore Police - When crazed scientist Key Man develops a virus that causes humans to mutate, samurai-sword-wielding cop Ruka is called in to annihilate the.   Amazon.com: Tokyo Gore Police [Blu-ray]: Eihi Shiina, Yoshihiro. But... That's one word to say after this master's class in splatter-fest ends.  Tokyo Gore Police Reviews &amp; Ratings - IMDb  Review: the title says it all, and it lives up to its title - Wow",,,,,,,,,
802,,,,,,,,,,
804,Obama!! #Aughhhhh @Kingcairo,,,,,,,,,
807,"I've become lost in an anti-Obama FB page that one of my cousins ""liked"". I love that this guy's name is Joe Dirt. ",,,,,,,,,
810,HAHAHA #provas #trimestrais #careta #bone #duckface tem coisa q agt nunca esquece ;),,,,,,,,,